{"cameraMode":{"drawMode":0,"name":"Shaded","section":"Shading Mode"},"sceneLighting":false,"audioPlay":false,"sceneViewState":{"m_AlwaysRefresh":false,"showFog":true,"showSkybox":false,"showFlares":true,"showImageEffects":true,"showParticleSystems":true,"showVisualEffectGraphs":true,"m_FxEnabled":true},"in2DMode":false,"pivot":{"x":-11.675654411315918,"y":-0.8319941759109497,"z":-7.893363952636719},"rotation":{"x":-0.05293172597885132,"y":0.4336950182914734,"z":-0.025551386177539827,"w":-0.8991627097129822},"size":11.884398460388184,"orthographic":false}