{"cameraMode":{"drawMode":0,"name":"Shaded","section":"Shading Mode"},"sceneLighting":false,"audioPlay":false,"sceneViewState":{"m_AlwaysRefresh":false,"showFog":true,"showSkybox":false,"showFlares":true,"showImageEffects":true,"showParticleSystems":true,"showVisualEffectGraphs":true,"m_FxEnabled":true},"in2DMode":false,"pivot":{"x":-0.18595732748508454,"y":2.316756248474121,"z":0.12493550032377243},"rotation":{"x":-0.04248085245490074,"y":0.4750032126903534,"z":-0.022964997217059137,"w":-0.8786603808403015},"size":1.2728334665298463,"orthographic":false}