{"cameraMode":{"drawMode":0,"name":"Shaded","section":"Shading Mode"},"sceneLighting":true,"audioPlay":false,"sceneViewState":{"m_AlwaysRefresh":false,"showFog":true,"showSkybox":true,"showFlares":true,"showImageEffects":true,"showParticleSystems":true,"showVisualEffectGraphs":true,"m_FxEnabled":true},"in2DMode":false,"pivot":{"x":0.0000017881393432617188,"y":1.1808010339736939,"z":-5.940000057220459},"rotation":{"x":-0.10353446751832962,"y":0.041177984327077869,"z":-0.004316016100347042,"w":-0.9937796592712402},"size":2.4315946102142336,"orthographic":false}