{"cameraMode":{"drawMode":0,"name":"Shaded","section":"Shading Mode"},"sceneLighting":true,"audioPlay":false,"sceneViewState":{"m_AlwaysRefresh":false,"showFog":true,"showSkybox":true,"showFlares":true,"showImageEffects":true,"showParticleSystems":true,"showVisualEffectGraphs":true,"m_FxEnabled":true},"in2DMode":false,"pivot":{"x":0.0000017881393432617188,"y":1.1808010339736939,"z":-6.289999961853027},"rotation":{"x":0.32945773005485537,"y":0.5799470543861389,"z":-0.27608007192611697,"w":0.6920450925827026},"size":2.4315946102142336,"orthographic":false}