{"cameraMode":{"drawMode":0,"name":"Shaded","section":"Shading Mode"},"sceneLighting":true,"audioPlay":false,"sceneViewState":{"m_AlwaysRefresh":false,"showFog":true,"showSkybox":true,"showFlares":true,"showImageEffects":true,"showParticleSystems":true,"showVisualEffectGraphs":true,"m_FxEnabled":true},"in2DMode":false,"pivot":{"x":0.0000017881393432617188,"y":1.1808010339736939,"z":-5.940000057220459},"rotation":{"x":0.010986343957483769,"y":0.6631430387496948,"z":0.00975225493311882,"w":-0.7483616471290588},"size":2.4315946102142336,"orthographic":false}