{"cameraMode":{"drawMode":0,"name":"Shaded","section":"Shading Mode"},"sceneLighting":true,"audioPlay":false,"sceneViewState":{"m_AlwaysRefresh":false,"showFog":true,"showSkybox":true,"showFlares":true,"showImageEffects":true,"showParticleSystems":true,"showVisualEffectGraphs":true,"m_FxEnabled":true},"in2DMode":false,"pivot":{"x":2.720688819885254,"y":0.3511505424976349,"z":-1.7757503986358643},"rotation":{"x":0.06998404860496521,"y":0.7336299419403076,"z":-0.07642117142677307,"w":0.6716225743293762},"size":18.23676872253418,"orthographic":false}