{"cameraMode":{"drawMode":0,"name":"Shaded","section":"Shading Mode"},"sceneLighting":false,"audioPlay":false,"sceneViewState":{"m_AlwaysRefresh":false,"showFog":true,"showSkybox":false,"showFlares":true,"showImageEffects":true,"showParticleSystems":true,"showVisualEffectGraphs":true,"m_FxEnabled":true},"in2DMode":false,"pivot":{"x":-0.1042332798242569,"y":2.5064971446990969,"z":0.09562388062477112},"rotation":{"x":-0.09923814982175827,"y":0.5428507328033447,"z":-0.06481930613517761,"w":-0.8314427733421326},"size":1.0668877363204957,"orthographic":false}